approved_at_utc,subreddit,author_fullname,title,topic,name,1) Trump campaign
,politics,t2_4tf9k,Trump’s Absurd ‘You Did It First’ Argument for Stealing the Election,Biden Campaign,t3_jzprxe,2) Biden Campaign 
,politics,t2_5hbxc,Trump Wants 3rd Circuit to Halt Pennsylvania Certification,Biden Campaign,t3_jzpr6u,3) Tenure Suggestions
,politics,t2_1071hr,Let’s hear it for the judges for dismissing Trump’s lawsuits,Biden Campaign,t3_jzpowr,4) Covid 19 
,politics,t2_u1j2a,"Biden taps first Latino to head DHS, first woman to lead intelligence",Biden Campaign,t3_jzpo97,5) Media
,politics,t2_nkk56,"Biden Expected to Pick Janet Yellen, Former Fed Chair, as Treasury Secretary",Tenure Suggestions,t3_jzpmd7,6) Voting
,politics,t2_jfk8j,The Already Useless Trump Kids Are About to Get Even More So,Biden Campaign,t3_jzpllg,
,politics,t2_4p3tz78r,Biden to pick ex-Fed chair Yellen for Treasury secretary: WSJ,Tenure Suggestions,t3_jzpko2,
,politics,t2_7cfjd13l,A major Trump donor’s company got a 3 percent government-backed pandemic loan. It sells title loans at a 350 percent annual rate.,Covid 19,t3_jzpk7a,
,politics,t2_bcsc2,"What if Trump won’t leave the White House? A hostage negotiator, an animal-control officer, and a toddler whisperer have advice",Biden Campaign,t3_jzpjm8,
,politics,t2_cw1518p,164 business leaders urge Trump to begin presidential transition for the sake of the country,Tenure Suggestions,t3_jzpilm,
,politics,t2_8wkltwsf,"GOP senator, business leaders urge prompt Biden transition",Tenure Suggestions,t3_jzphue,
,politics,t2_556a0i5o,Biden chooses former Fed Chair Janet Yellen to be Treasury secretary,Tenure Suggestions,t3_jzpguk,
,politics,t2_9qluo,Biden chooses former Fed Chair Janet Yellen to be Treasury secretary,Tenure Suggestions,t3_jzpgui,
,politics,t2_b4zr4,Pro-Trump Attorney Urges Republicans Not to Vote in Georgia Runoff,Trump Campaign,t3_jzpfqd,
,politics,t2_q9v5n,Corporate America is ready for a Biden presidency,Biden Campaign,t3_jzpff1,
,politics,t2_4ctyuztp,Biden chooses former Fed Chair Janet Yellen to be Treasury secretary,Tenure Suggestions,t3_jzpfan,
,politics,t2_12sxoak6,GM flips to California's side in pollution fight with Trump,Media,t3_jzpf1h,
,politics,t2_1071hr,"What if Trump won’t leave the White House? A hostage negotiator, an animal-control officer, and a toddler whisperer have advice | Give him a five-minute warning, use food as a lure, remind him he has something to live for.",Biden Campaign,t3_jzpexr,
,politics,t2_63uw6h9r,Trump Is Blowing Up the Georgia GOP—and It Couldn’t Happen at a Better Time,Biden Campaign,t3_jzpeei,
,politics,t2_3brtyj17,"Carl Bernstein says 21 GOP senators, Including Braun and Young, have contempt for Trump",Biden Campaign,t3_jzpdno,
,politics,t2_45f3hcjx,Land conservation plan stirs fight over Trump restrictions,Biden Campaign,t3_jzpddc,
,politics,t2_8wkltwsf,Factbox: The Biden Cabinet - President-elect builds his foreign policy team,Tenure Suggestions,t3_jzpd2k,
,politics,t2_o036b,"Biden chooses former Fed Chair Janet Yellen to be Treasury secretary, report says",Tenure Suggestions,t3_jzpbvs,
,politics,t2_8r2w3ir,"General Motors Reverses Course, Spurns Trump-Backed California Emissions Lawsuit",Biden Campaign,t3_jzpbaz,
,politics,t2_174cr0,"General Motors Aligns With Biden, Pulls Out of Lawsuit Supporting Trump",Biden Campaign,t3_jzp967,
,politics,t2_864yuimw,"Despite Trump’s prod, Mich. to consider certifying Biden win",Biden Campaign,t3_jzp95d,
,politics,t2_2xwavoa,"Alejandro Mayorkas, Biden's Pick For DHS Head, Would Be First Latino In Post",Tenure Suggestions,t3_jzp8jd,
,politics,t2_39m1rwf0,G.M. Drops Its Support for Trump Climate Rollbacks and Aligns With Biden,Biden Campaign,t3_jzp7e5,
,politics,t2_4h69r4vp,Unpacking Joe Biden's decision to tap John Kerry as his climate envoy,Tenure Suggestions,t3_jzp787,
,politics,t2_xinzz,"Marjorie Taylor Greene ""solidly convinced"" Trump won Georgia despite state certifying Biden's win",Voting,t3_jzp6x0,
,politics,t2_q9v5n,"Biden Brain Trust: Forget the Billionaires, Guillotine the Corporations",Biden Campaign,t3_jzp5u8,
,politics,t2_7mfq73lx,Is Trump Selling Tickets to His 2021 Inauguration?,Media,t3_jzp4fh,
,politics,t2_3mgo4fkq,Joe Biden nominates first woman to lead intelligence and first Latino to head homeland security,Biden Campaign,t3_jzp2ts,
,politics,t2_5w9r3,"Why the Trump campaign’s big legal flameout in Pennsylvania seems like a turning point, even for Republicans",Biden Campaign,t3_jzozd1,
,politics,t2_32141t0i,"Trump fears Giuliani, other lawyers in Biden vote challenge are 'fools that are making him look bad'",Trump Campaign,t3_jzoyr6,
,politics,t2_2ww8h29z,"Trump's on his way out, but leaves a lasting legacy: The right's open embrace of terrorism",Biden Campaign,t3_jzoykr,
,politics,t2_6zz15,What Donald Trump and Dick Cheney Got Wrong About America,Biden Campaign,t3_jzoxch,
,politics,t2_4uujtoat,It’s Time To Consider Sanctions for Trump’s Legal Team,Biden Campaign,t3_jzos3p,
,politics,t2_7149lzrr,Rush Limbaugh: Trump Needs to Hold Rallies in Georgia,Trump Campaign,t3_jzorp7,
,politics,t2_3qo6zvfi,"Trump fears Giuliani, other lawyers in Biden vote challenge are ‘fools that are making him look bad’",Trump Campaign,t3_jzorhc,
,politics,t2_3ud1a,Why is Joe Biden considering this man to help fight the climate crisis?,Tenure Suggestions,t3_jzopwy,
,politics,t2_5ltk9,Biden taps Alejandro Mayorkas as first immigrant to lead Homeland Security,Biden Campaign,t3_jzopkn,
,politics,t2_6eeswdkg,EU's Michel invites Biden to 'rebuild' trans-Atlantic alliance,Tenure Suggestions,t3_jzopfi,
,politics,t2_q9v5n,Why The Oil Industry Doesn't Fear Biden,Biden Campaign,t3_jzop8u,
,politics,t2_ckmoqxl,Team Trump Fired QAnon Lawyer Sidney Powell But She's Tweeting Through It,Biden Campaign,t3_jzoon5,
,politics,t2_dfo2l,Former Defense Secretary Jim Mattis says Biden should toss all of Trump's 'America First' policies,Tenure Suggestions,t3_jzonsl,
,politics,t2_2zyr5,"Plagued by COVID outbreaks, the meatpacking industry could be forced to change under Biden",Covid 19,t3_jzon8h,
,politics,t2_363do,"Drip by drip, U.S. Republicans slowly break from Trump election claims",Biden Campaign,t3_jzomjx,
,politics,t2_cez5h,Bernstein names 21 Republican senators who privately expressed contempt for Trump,Biden Campaign,t3_jzok9t,
,politics,t2_3x52lg4c,"Putin described the Kremlin’s decision not to congratulate Biden as “a formality” with no ulterior motives. When asked if the move could damage U.S.-Russia relations, he said: “there’s nothing to damage, they’re already ruined.”",Trump Campaign,t3_jzoig3,
,politics,t2_m70xvw4,Whoopi Goldberg calls out ‘dictator’ Trump for staging ‘coup’,Biden Campaign,t3_jzoh52,
,politics,t2_dz0v4,John Kerry to join Biden administration as National Security Council official dedicated to climate change,Tenure Suggestions,t3_jzogjj,
,politics,t2_307tfg1g,Biden moves forward as GOP breaks with Trump rise,Tenure Suggestions,t3_jzofom,
,politics,t2_30rfarj,A big inauguration crowd? Biden’s chief of staff expects ‘scaled-down’ event,Tenure Suggestions,t3_jzoe8p,
,politics,t2_5i6y4s89,Top Biden aide Ricchetti will be a White House liaison for Congress and business community,Tenure Suggestions,t3_jzodbz,
,politics,t2_5c7bdya1,"Behind the scenes, Trump frustrated with his legal team's maneuvers",Biden Campaign,t3_jzobu4,
,politics,t2_7yqrl,Biden to name first female head of National Intelligence,Tenure Suggestions,t3_jzoao6,
,politics,t2_39fos,Reality Forecloses on the Trump Presidency | A fading campaign collapses under the weight of finally having to back up big talk with actual substance.,Biden Campaign,t3_jzoam2,
,politics,t2_59oj45pv,G.M. Drops Its Support for Trump Climate Rollbacks and Aligns With Biden,Biden Campaign,t3_jzoahf,
,politics,t2_3i4ip0g6,GM flips to California's side in pollution fight with Trump,Biden Campaign,t3_jzo8pn,
,politics,t2_3krs0,GM hits reverse on Trump effort to bar California emissions rules,Biden Campaign,t3_jzo75x,
,politics,t2_43539d30,G.M. Drops Its Support for Trump Climate Rollbacks and Aligns With Biden,Biden Campaign,t3_jzo73a,
,politics,t2_7149lzrr,John Kerry to Return in Biden Administration as ‘Climate Czar’,Tenure Suggestions,t3_jzo6xg,
,politics,t2_wnqjt,G.M. Drops Its Support for Trump Climate Rollbacks and Aligns With Biden,Biden Campaign,t3_jzo60d,
,politics,t2_etf58,G.M. Drops Its Support for Trump Climate Rollbacks and Aligns With Biden,Biden Campaign,t3_jzo5py,
,politics,t2_8wkltwsf,Biden picks Cuban-American lawyer Mayorkas as U.S. homeland security chief,Tenure Suggestions,t3_jzo58j,
,politics,t2_2uwit82z,"To Prevent 'Active Sabotage' of His Agenda, Biden Urged to Clean House of Trump Loyalists on Day One",Tenure Suggestions,t3_jzo4ys,
,politics,t2_2gqlbsh9,Two years ago this week Trump was mocking a turkey for refusing to concede an election,Biden Campaign,t3_jzo44d,
,politics,t2_3qo6zvfi,Clip of Ted Cruz Saying Democrats Would Say COVID 'Magically Better' Week After Biden Wins Resurfaces,Covid 19,t3_jzo3qg,
,politics,t2_lk1r0df,How Trump's destructive behavior emboldens authoritarian leaders abroad,Biden Campaign,t3_jzo3o9,
,politics,t2_6eeswdkg,Jordan's king expresses to U.S. President-elect Biden keenness to continue strategic partnership,Tenure Suggestions,t3_jzo1s2,
,politics,t2_4fes7nkv,Trump campaign takes Pennsylvania election fight to federal appeals court,Trump Campaign,t3_jzo04h,
,politics,t2_k03nw,Did Trump Pardon a Turkey That 'Refused To Concede' an Election?,Biden Campaign,t3_jznz36,
,politics,t2_lvqiz,Message to Joe Biden: No Torturers in the Next Cabinet. Biden and Harris must eschew anyone complicit in torture or who frustrated oversight.,Tenure Suggestions,t3_jznyip,
,politics,t2_u1j2a,"Pennsylvania Republicans Voted Against Certifying Vote in County Trump Won by 22,000",Biden Campaign,t3_jzny0i,
,politics,t2_69iqdkbl,Biden signals shift from Trump with national security picks,Tenure Suggestions,t3_jznx2m,
,politics,t2_22bd2,GM flips to California’s side in emissions lawsuit against Trump admin,Biden Campaign,t3_jzntq8,
,politics,t2_8wkltwsf,"Trump 2024? Two-thirds of GOP voters want him to run for president again, poll says",Trump Campaign,t3_jznr6e,
,politics,t2_9hza7uj,Pro-Trump Attorney Urges Republicans Not to Vote in Georgia Runoff,Biden Campaign,t3_jznr5l,
,politics,t2_882lcusb,"Explainer: Despite Trump claims, voter fraud is extremely rare. Here is how U.S. states keep it that way",Biden Campaign,t3_jznqim,
,politics,t2_ry8i9,Clip of Ted Cruz Saying Democrats Would Say COVID 'Magically Better' Week After Biden Wins Resurfaces,Covid 19,t3_jznq3n,
,politics,t2_flnc6,Trump set on veto of defense bill over renaming bases honoring Confederates,Trump Campaign,t3_jznpy5,
,politics,t2_39m1rwf0,Trump nearing last stand as efforts to challenge election slip,Biden Campaign,t3_jznl40,
,politics,t2_6pmuqjou,"John Kerry, Alejandro Mayorkas, Avril Haines among Joe Biden’s cabinet picks",Tenure Suggestions,t3_jznkwh,
,politics,t2_1abjo,"Post-Trump, his party and his favorite network have to figure out their relationship with reality",Biden Campaign,t3_jznjcm,
,politics,t2_6eeswdkg,"Biden to name Kerry as U.S. climate czar, emphasizing diplomacy's role in the fight",Tenure Suggestions,t3_jzniv7,
,politics,t2_ekfas,"Joe Biden names picks for secretary of State, Homeland Security chief, director of national intelligence",Tenure Suggestions,t3_jzneu5,
,politics,t2_6i8nkl04,Biden Picks Cuban-American Lawyer Mayorkas as U.S. Homeland Security Chief,Tenure Suggestions,t3_jznd9v,
,politics,t2_byuwc,How Trump placed a ticking time bomb at the center of our system,Biden Campaign,t3_jznb23,
,politics,t2_8wkltwsf,"New Trump rule may require some African tourists to pay up to $15,000 in bonds",Biden Campaign,t3_jzna59,
,politics,t2_6o3d1oy5,Trump Is Running Out Of Time As Key States Set To Certify That Biden Won,Voting,t3_jzn7ct,
,politics,t2_3ni951zm,"Despite Trump’s prod, Mich. to consider certifying Biden win",Voting,t3_jzn4mo,
,politics,t2_guf36,Biden Taps John Kerry For New National Security Role Focused On The Climate Crisis,Tenure Suggestions,t3_jzn3cr,
,politics,t2_tribz,"Biden taps John Kerry as Special Presidential Envoy for Climate, marking the first time the NSC will have an official dedicated to climate change",Tenure Suggestions,t3_jzn0c8,
,politics,t2_4a4m6,"Business Leaders, Citing Damage to Country, Urge Trump to Begin Transition",Biden Campaign,t3_jzmx9p,
,politics,t2_4l6v9j26,Biden's inner circle get key cabinet posts as John Kerry named climate tsar,Tenure Suggestions,t3_jzmvt2,
,politics,t2_2t20j72x,"Trump's on his way out, but leaves a lasting legacy: The right's open embrace of terrorism. How did the Kenosha shooter post $2 million in bail? Because conservatives are normalizing right-wing terrorism",Biden Campaign,t3_jzmvi7,
,politics,t2_43015hwl,"Donald Trump’s Bid to Steal the Election Hinges on a Shameless Homophobe Who Once Called Him a Lying, Idiotic Bully",Biden Campaign,t3_jzmus9,
,politics,t2_6q8ga,Biden picks former Sen. John Kerry for climate change role,Tenure Suggestions,t3_jzmufr,
,politics,t2_326ib49s,"Joe Biden Names Picks for Secretary of State, Homeland Security Chief, Director of National Intelligence",Tenure Suggestions,t3_jzmubj,
,politics,t2_lk1r0df,Tucker Carlson was attacked by Trump supporters for questioning the outlandish claims of the president's lawyer Sidney Powell before she was fired,Biden Campaign,t3_jzmtno,
,politics,t2_4a5ero0c,Biden to name John Kerry as presidential climate envoy,Tenure Suggestions,t3_jzmsfq,
,politics,t2_6q8ga,Joe Biden announces top foreign policy and national security picks,Tenure Suggestions,t3_jzmsf3,
,politics,t2_13f0vt,Conservatives spread false claim Biden invented 'office' of the president-elect,Biden Campaign,t3_jzmqas,
,politics,t2_8umxxbw,Column: Trump’s Afghan plan could snatch catastrophe from the jaws of defeat,Biden Campaign,t3_jzmq37,
,politics,t2_1j2k18he,Mark Zuckerberg Is Already Sucking Up to a Biden Administration,Tenure Suggestions,t3_jzmpia,
,politics,t2_4ot9563,100 Republican national security experts demand GOP admit Trump loss,Biden Campaign,t3_jzjwz1,
,politics,t2_4uujtoat,Business Leaders Tell GOP: Start Biden Transition or No Money for Georgia Senate Run-Offs,Biden Campaign,t3_jzj864,
,politics,t2_4g4xj7dq,Pro-Trump Attorney Urges Republicans Not to Vote in Georgia Runoff,Trump Campaign,t3_jzka2y,
,politics,t2_4ix1r,"Trump supporters in Georgia threaten to destroy GOP, boycott runoff elections",Trump Campaign,t3_jzl26a,
,politics,t2_7i131t0l,Trump will leave office soon. But we can’t let him escape accountability for his misdeeds.,Biden Campaign,t3_jziz6f,
,politics,t2_78x26dp6,"Trump is not just refusing to concede, he is sabotaging nation’s interest",Biden Campaign,t3_jzgzo5,
,politics,t2_4ot9563,Trump team falsely claim he was not assisted in transition by Obama,Biden Campaign,t3_jzfuso,
,politics,t2_y8mbk,Detroit had more vote errors in 2016 when Trump won Michigan by a narrow margin. He didn’t object then.,Biden Campaign,t3_jzmb5h,
,politics,t2_47tj422t,Biden is stealing the spotlight. Trump can't stand it.,Biden Campaign,t3_jzg091,
,politics,t2_ukjaw,John Kasich Stunned GOP Isn’t Defending Democracy Against Trump,Tenure Suggestions,t3_jzgz98,
,politics,t2_5syjnyt4,Republican pollster: Trump's false 'rigged' election claims may hurt GOP chances of keeping Senate,Tenure Suggestions,t3_jzj8y9,
,politics,t2_146o3j,How Ronald Reagan’s Racism Helped Pave the Way for Donald Trump’s,Biden Campaign,t3_jzicmc,
,politics,t2_55i2b9y,New Zealand PM offers COVID-19 help to U.S. President-elect Biden,Covid 19,t3_jzeymy,
,politics,t2_55s7i9jb,"On Parler, a pro-Trump call for Georgia runoff boycott threatens Mitch McConnell's plan to restrain Biden",Trump Campaign,t3_jzm5c7,
,politics,t2_12w8zsef,Transition warning: Trump's mental illness is a growing danger,Biden Campaign,t3_jze8d0,
,politics,t2_5syjnyt4,Trump axed campaign lawyer Sidney Powell was because 'she was too conspiratorial even for him',Biden Campaign,t3_jzgode,
,politics,t2_13f0vt,Carl Bernstein names 21 Republican senators who have ‘privately’ expressed ‘extreme contempt’ for Trump,Biden Campaign,t3_jzh7ew,
,politics,t2_12jih9,GOP Sen. Rob Portman says Biden transition funds should be released,Tenure Suggestions,t3_jzlc67,
,politics,t2_3xrai,New Zealand offers Biden tips on COVID-19 after successful response,Covid 19,t3_jzhuwc,
,politics,t2_336ly6ow,Trump’s press secretary Kayleigh McEnany heckled in briefing: ‘When will you admit you lost?’,Biden Campaign,t3_jzj73m,
,politics,t2_6atxoabw,Biden picks John Kerry for climate envoy on national security council,Tenure Suggestions,t3_jzm9x0,
,politics,t2_12jih9,A major Trump donor’s company got a 3 percent government-backed pandemic loan. It sells title loans at a 350 percent annual rate.,Biden Campaign,t3_jzlnvy,
,politics,t2_336ly6ow,"What if Trump never concedes? The Constitution will end his term, conservative lawyer John Yoo says",Biden Campaign,t3_jzhcb0,
,politics,t2_3qo6zvfi,"Twitter Afire After Trump Camp Breaks With Lawyer: Lasted ‘About Half A Scaramucci’ | “Sidney Powell should refuse to concede her position from Trump’s legal team,” one critic joked.",Biden Campaign,t3_jzb2zh,
,politics,t2_6kih3bc3,President Trump Wanted a Supreme Court Election Battle. His Current Appeal Simply Cannot Get Him There.,Biden Campaign,t3_jzmfmo,
,politics,t2_an7rn,"Trump handing Taliban a victory on his way out, says former national security adviser H.R McMaster",Trump Campaign,t3_jzguka,
,politics,t2_xqxla,"Group of Black voters in Detroit suing President Trump, citing voting rights abuses &amp; disenfranchisement",Biden Campaign,t3_jzj1p6,
,politics,t2_b3ywsct,Reporter Carl Bernstein names 21 GOP senators who 'repeatedly expressed extreme contempt for Trump',Media,t3_jzbb0y,
,politics,t2_2t20j72x,"GOP senator says Biden's vote lead 'has not changed,' urges country to 'move forward'",Media,t3_jzlqyf,
,politics,t2_2gol75lf,"Trump legal team says Sidney Powell had no formal role, but record shows they loved her involvement",Biden Campaign,t3_jzgsx3,
,politics,t2_4usxze66,Republican former national security officials urge party to demand Trump concession,Biden Campaign,t3_jzjoc9,
,politics,t2_16kgli,Carl Bernstein named 21 GOP senators who he said are enabling Trump's attempts to subvert US democracy by only criticizing him in private,Biden Campaign,t3_jzis32,
,politics,t2_v96pn,"Native American voters across Minnesota turned out to oust Trump - Vote totals were up around Red Lake, and 90% for Biden",Voting,t3_jz8bvm,
,politics,t2_336ly6ow,Biden team is reportedly pushing congressional Democrats to strike an immediate stimulus deal with Republicans to stave off renewed recession,Tenure Suggestions,t3_jzl4yp,
,politics,t2_3mgo4fkq,Michigan voters sue Trump for allegedly disenfranchising Black voters with election interference,Biden Campaign,t3_jzla7n,
,politics,t2_ulg9u,Trump's top election lawyer in Wisconsin says he and his wife voted illegally in the campaign's latest legal argument,Biden Campaign,t3_jzmam7,
,politics,t2_z6d1p,A Federal Judge Rejected Trump's Ludicrous Pennsylvania Case With Pure Disdain,Biden Campaign,t3_jzk7yg,
,politics,t2_3brtyj17,Yet another Georgia election official receives threats after state certifies Biden win,Biden Campaign,t3_jz828i,
,politics,t2_cw1518p,Trump’s Legal Farce Is Having Tragic Results | There is nothing funny about the Republican Party’s multipronged attack on voting rights.,Biden Campaign,t3_jzkhnd,
,politics,t2_4h69r4vp,"Murkowski tells Trump: ""It is time to begin the full and formal transition process""",Trump Campaign,t3_jz6vh9,
,politics,t2_13f0vt,"Major business leaders reportedly signed a letter urging Trump to concede, and warn that 'our democracy grows weaker' the longer the presidential transition is delayed",Tenure Suggestions,t3_jzj1yp,
,politics,t2_64urhj2g,"Trump dumps Sydney Powell, lawyer who promised to ""blow up"" Georgia, as legal strategy unravels",Trump Campaign,t3_jz7cgh,
,politics,t2_3brtyj17,Trump Yet to Answer One Press Question Since Election As GOP Pressure for His Concession to Biden Grows,Media,t3_jz67og,
,politics,t2_1t9tm8uf,Will Trump’s Accusers Finally Get Their Day In Court? | He soon will be unable to hide from the women suing him for defamation.,Media,t3_jzis4d,
,politics,t2_92mo,In Another Country This Would Be Called a Coup: Detroit NAACP Head on Trump Trying to Overturn Vote,Biden Campaign,t3_jzjbng,
,politics,t2_2uwit82z,'Elite Strike Force'? Trump Legal Team Throws Right-Wing Attorney Sidney Powell Under the Bus as Coup Attempt Flails,Media,t3_jzg8x4,
,politics,t2_hoh4i,Trump friend and adviser Steve Schwarzman recognizes Biden as President-elect,Tenure Suggestions,t3_jzlbdp,
,politics,t2_hhq3wyu,"Brian Stelter Slams Lara Trump For Declaring Trump Voters Don’t ‘Feel’ That He Lost - “Facts do not care about your feelings,” the CNN host said.",Media,t3_jz5qcv,
,politics,t2_3zi4nxr,Sidney Powell Stricken from Trump’s ‘Elite Strike Force’ Legal Team 8 Days After President Called Her ‘Wonderful’,Biden Campaign,t3_jzlipn,
,politics,t2_4daatxkf,"Team Trump Fired QAnon Lawyer Sidney Powell But She's Tweeting Through It - Last week she was part of Trump's ""elite strike force."" Now she's ""practicing law on her own.""",Media,t3_jziqei,
,politics,t2_d8fmg,Trump urges state legislatures and courts to ‘flip’ results,Biden Campaign,t3_jzhsuf,
,politics,t2_h6tzx,Trump campaign says Sidney Powell isn't a member of its legal team,Trump Campaign,t3_jz5bfz,
,politics,t2_4ce6zkee,Trump's closest business ally just admitted that the president lost the election,Voting,t3_jzji16,
,politics,t2_5syjnyt4,Donald Trump has assaulted our democracy,Biden Campaign,t3_jzfpdr,
,politics,t2_bo8us,"No, You Do Not Have to Feel the Trump Voter's Pain | There is no reason, after five and half years of untruths, dog-whistles, slurs and conspiracies, and weeks of Trump trying to undermine Biden’s win, to hug the people who want to disenfranchise you",Biden Campaign,t3_jz4z41,
,politics,t2_cyqdz,Trump campaign cuts Sidney Powell from president’s legal team - The abrupt shake-up comes as Powell makes far-fetched and unsupported claims of voter fraud in the 2020 elections.,Trump Campaign,t3_jz6gek,
,politics,t2_336ly6ow,Bernie Sanders says GOP ‘has ceased to be a political party’ and is now a ‘cult’ in fiery rebuke of Trump fraud claims,Biden Campaign,t3_jz44h2,
,politics,t2_1zpze440,"Republican national security experts call on Trump to concede, begin transition",Tenure Suggestions,t3_jzjl2a,
,politics,t2_4k136l5v,"Edward Norton tears into 'whiny, sulky, petulant, Grinchy, vindictive' Donald Trump in pointed, poker-laced Twitter thread",Biden Campaign,t3_jz7lhm,
,politics,t2_u1j2a,Kasich: Republicans 'either in complete lockstep' or 'afraid' of Trump,Trump Campaign,t3_jz9j48,
,politics,t2_79i2z9wt,Biden to nominate first Latino and immigrant to run Homeland Security,Tenure Suggestions,t3_jzm28z,
,politics,t2_m76zflk,Michael J. Fox says Donald Trump has played on 'every worst instinct in mankind': 'Biff is president!',Biden Campaign,t3_jz3tl3,
,politics,t2_4m4ngfyh,Trump Faces Growing Calls From Biz Leaders To Concede After Legal Battles Fall Flat,Biden Campaign,t3_jzkuz6,
,politics,t2_12w8zsef,"Pennsylvania’s Lt. Gov. Trolls Trump, ‘Dopey’ GOP Lawsuits In Epic Tweetstorm",Biden Campaign,t3_jzej98,
,politics,t2_am8qo,Carl Bernstein names 21 GOP senators who 'privately expressed their disdain' for Trump,Biden Campaign,t3_jzba0d,
,politics,t2_3a0nx,New Zealand PM offers COVID-19 help to U.S. President-elect Biden,Covid 19,t3_jzkswn,
,politics,t2_12w8zsef,Opinion | Why Biden should stop parsing words and call Trump's lies a coup,Biden Campaign,t3_jzeqq0,
,politics,t2_5w35a755,"Trump Could Push Don Jr. and Ivanka in 2024, but Trumpism Is a Hard Sell Without Him",Trump Campaign,t3_jzlcxd,
,politics,t2_1t9tm8uf,"New Zealand leader Ardern offers virus know-how to Joe Biden | New Zealand Prime Minister Jacinda Ardern has become the latest world leader to congratulate President-elect Joe Biden on his election victory, saying she offered to share her nation’s expertise on dealing the coronavirus",Covid 19,t3_jzcmj4,
,politics,t2_59oj45pv,"Biden Will Nominate First Woman to Lead Intelligence, First Latino to Run Homeland Security",Tenure Suggestions,t3_jzlo9k,
,politics,t2_i89o6,New report details Trump effort to seize thousands of acres of private land for border wall,Biden Campaign,t3_jzmeyu,
,politics,t2_b3ywsct,‘Stop golfing and concede’: Trump and Maryland Gov. Hogan spar again after president criticizes South Korean tests,Tenure Suggestions,t3_jz1z65,
,politics,t2_ufhrp,"After looming so large in Washington, Donald Trump has shrunk into a small, petty man",Biden Campaign,t3_jzlzl3,
,politics,t2_hhq3wyu,"GOP Senator Has Instructed Staff to Cooperate With Biden Transition, Says It's 'Past Time' for Trump to Do Same",Tenure Suggestions,t3_jz227v,
,politics,t2_2vl1o5e3,Former GOP Ohio Governor Says Republicans Are Either ‘Afraid’ or ‘in Complete Lockstep’ With Trump,Trump Campaign,t3_jzk79i,
,politics,t2_3brtyj17,Small but growing number of Republicans tell Trump it’s over: “Stop golfing and concede”,Biden Campaign,t3_jz2pba,
,politics,t2_3xzjxkg3,Carl Bernstein Names Names: 21 GOP Senators Who've Privately Ripped Trump,Biden Campaign,t3_jzd94c,
,politics,t2_363do,"Trump, GOP’s ridiculous, flailing coup isn’t a joke. It’s a crime. There must be consequences | Will Bunch",Biden Campaign,t3_jz0akg,
,politics,t2_zr8t03d,Biden to spotlight CDC officials shunned by Trump,Tenure Suggestions,t3_jzfnsj,
,politics,t2_3y01afgq,"What if Trump won’t leave the White House? A hostage negotiator, an animal-control officer, and a toddler whisperer have advice",Biden Campaign,t3_jziwyr,
,politics,t2_i9qzd,"Trump's 'elite, strike force' legal team starts to shrink",Biden Campaign,t3_jzhlu7,
,politics,t2_y271k,Fox News Prepares to Wage a Culture War on Joe Biden,Media,t3_jzlako,
,politics,t2_zcpor,A Republican judge just tore into Trump’s election lawyers for their incompetence. Trump’s lawyers asked a judge to disenfranchise nearly 7 million voters. It ended badly for Trump.,Biden Campaign,t3_jyzr2m,
,politics,t2_4j0qh,"Biden picks John Kerry as climate czar, Alejandro Mayorkas for Homeland Security",Tenure Suggestions,t3_jzmk00,