approved_at_utc,subreddit,author_fullname,title,Topic,name
,Conservative,t2_hm4vh,Republican former national security demand Trump concede election,Tenure Suggestions,t3_jzpqg5
,Conservative,t2_9t4q6,Trump's election lawsuit leads to 3rd Circuit grant for expedited review,Trump Controversy,t3_jzpdpe
,Conservative,t2_10qh0g,JUST IN: Third Circuit Court of Appeals Grants Expedited Review For Team Trump’s Appeal in Pennsylvania,Media,t3_jzpd7w
,Conservative,t2_zfg0n,Trump Jr. Warns Georgia Voters To Ignore Activists Encouraging Them Not To Vote In Senate Races: ‘That is NONSENSE’,Voting,t3_jzop9w
,Conservative,t2_hyfa9,Journalist Carl Bernstein names 21 GOP senators who 'privately expressed their disdain' for Trump,Biden Campaign ,t3_jzo4tp
,Conservative,t2_hyfa9,Obama's third term: Biden reveals first cabinet picks,Voting,t3_jzo3u5
,Conservative,t2_4fes7nkv,Trump campaign takes Pennsylvania election fight to federal appeals court,Voting,t3_jznypc
,Conservative,t2_3tvnydcn,GOP Former National Security Officials Urge Party to Demand Trump Concession,Tenure Suggestions,t3_jzntsc
,Conservative,t2_7re1o302,"Biden secretary of state pick Blinken criticized over Iraq War, consulting work",Trump Campaign,t3_jznsl5
,Conservative,t2_5s12f,Appeals Court Grants Expedited Review of Trump Campaign's Pennsylvania Lawsuit,Trump Controversy,t3_jznr0d
,Conservative,t2_hg5da,U.S. Election: Trump legal team distances itself from lawyer after controversial comments - National | Globalnews.ca,Media,t3_jznbrr
,Conservative,t2_jn1y7,"Biden proposes John Poulos, CEO and President of Dominion Voting Systems, as Surgeon General and Head of Covid Analytics. Dominion will now be solely in charge of recording and keeping an exact count of what has become the most deadly virus in the history of the world.",Covid 19,t3_jzn4sl
,Conservative,t2_3syzt0bw,"'Joe Biden is a very weak President, could start wars': Chinese government advisor | World News - Times of India",Trump Campaign,t3_jzmy0e
,Conservative,t2_3k45wst0,Appeals Court Grants Expedited Review of Trump Campaign's Pennsylvania Lawsuit,Trump Controversy,t3_jzmvum
,Conservative,t2_hyfa9,Pro-Trump Attorney Lin Wood Urges Republicans Not To Vote In Georgia Senate Runoff -- Unless GOP candidates help overturn the presidential election results in the state.,Tenure Suggestions,t3_jzms1q
,Conservative,t2_148wl8,Political Enemy List Trump Accountability Project Publicly Posted on Their Website,Trump Controversy,t3_jzmj9c
,Conservative,t2_hyfa9,"Bombshell: Biden takes min 98% of a 23,487 vote batch at 12:18AM in GA",Voting,t3_jzlwxs
,Conservative,t2_hyfa9,"All Republicans should support President Trump's legal fights -- Any who believe that buddying up to the Biden team is a symbol of unity, and better for America, have already abandoned Trump, conservatism, and America.",Tenure Suggestions,t3_jzlu2s
,Conservative,t2_5qns7l74,Watergate journalist Carl Bernstein outs 21 Republican senators who 'privately' expressed 'extreme contempt' for Trump.,Biden Campaign ,t3_jzloh0
,Conservative,t2_ozfoa,5 More Ways Joe Biden Magically Outperformed Election Norms,Biden Campaign ,t3_jzl6re
,Conservative,t2_i1ltd,Biden's Surge In Polls Motivated By Fear,Biden Campaign ,t3_jzl08r
,Conservative,t2_i1ltd,NY Mag Scientifically Proves Biden Supporters Are Racist,Trump Campaign,t3_jzkyjm
,Conservative,t2_i1ltd,Professor causes uproar asking Biden voters to unfriend him,Trump Campaign,t3_jzkxnl
,Conservative,t2_i1ltd,Study: Biden won thousands of illegal votes by noncitizens,Voting,t3_jzkwq8
,Conservative,t2_hyfa9,Trump: More Votes Than Voters in Key Swing States,Voting,t3_jzkul5
,Conservative,t2_2lkbfthl,DHS officials warn illegal border crossings are surging in anticipation of Biden presidency,Tenure Suggestions,t3_jzkkwe
,Conservative,t2_hyfa9,"Sidney Powell Responds to Trump Campaign's Statement Saying She's Not Part of Legal Team -- Powell said her fight will go on anyway and closed her statement with the hashtag, ""#KrakenOnSteroids""",Trump Controversy,t3_jzk9j0
,Conservative,t2_fi80y,A Circuit Breaker on Election Night? (...nearly 30 percent of Democrat voters think the election was stolen from Trump),Trump Campaign,t3_jzk5a1
,Conservative,t2_hyfa9,A Neighbor You Like Probably Voted For Trump,Voting,t3_jzjzln
,Conservative,t2_4a0nv,"If the double-dip recession hits next year, Biden will remind us over and over that it’s Donald Trump’s fault. He’ll be wrong.",Trump Controversy,t3_jzjwbe
,Conservative,t2_9t4q6,Two-thirds of GOP voters support Trump running for president in 2024: survey,Trump Campaign,t3_jzjptq
,Conservative,t2_qn3v8mc,Democrat House Losses Stemmed From Trump Increasing Voter Turnout: Rep. Richmond,Voting,t3_jzjlmh
,Conservative,t2_4hgotpz8,Mark Levin: Letting Trump's legal efforts play out far better than 'what the Democrats are doing to our institutions',Tenure Suggestions,t3_jzjii3
,Conservative,t2_4hgotpz8,Open Letter Calls on Harvard to Create 'System of Accountability' for Inviting Trump Admin Alums to Campus,Biden Campaign ,t3_jzjgop
,Conservative,t2_73lai,"Sidney Powell Confirms Non-Affiliation With Trump Legal Team, Vows to Continue Fraud Fight",Voting,t3_jzjbne
,Conservative,t2_hyfa9,"Why The Left Can Be So Ridiculously Self-Righteous Without Realizing It -- What we saw in the lead up to the elections, and what we’ll witness for years to come, is utter contempt for Trump voters and conservatives in general.",Biden Campaign ,t3_jzitza
,Conservative,t2_9yz3e,"Trump Pulls Out Of Military Transparency Treaty With Russia, Europe",Media,t3_jzijpr
,Conservative,t2_i97an,GOP Can't Let Trump-Hating Squishes Take Over the Party Now,Trump Controversy,t3_jzieod
,Conservative,t2_1i0qmyxf,"Here Comes the Biden Blame Game - If the double-dip recession hits next year, Biden will remind us over and over that it’s Donald Trump’s fault. He’ll be wrong.",Media,t3_jzicud
,Conservative,t2_j47c8,Trump’s legal team’s statement on Sydney Powell was made to focus on the upcoming Supreme Court case. There are two separate legal pathways. One on equal protection and PA voting rules (most important right now). The second is Dominion software which will take longer.,Voting,t3_jzi8g6
,Conservative,t2_2z4rjeii,5 More Ways Joe Biden Magically Outperformed Election Norms,Biden Campaign ,t3_jzi0vw
,Conservative,t2_5qns7l74,"Once an election has been shown dirty, all voters have been disenfranchised- ""Joe Biden won illegal votes from thousands of noncitizens, study shows""",Trump Campaign,t3_jzhhqb
,Conservative,t2_1alqt2s0,Mike Flynn Jr. adds twist to Trump team’s statement on Sidney Powell: ‘Give this the 24hr rule …’,Media,t3_jzhelc
,Conservative,t2_5bz3rao,The Death Star Strategy: Is Trump Contemplating The Ultimate Constitutional Trick Shot?,Trump Controversy,t3_jzhbcz
,Conservative,t2_el9ak,"Obama won first election by invalidating signatures, filing complaints similar to Trump's",Trump Campaign,t3_jzgz5l
,Conservative,t2_jn1y7,"Do Trump-Supporters Live in an Alternate Universe? Actually a huge number of Americans have a false impression of reality because they are being told lies by their media. The people who constantly hear these lies do live in an ""alternate reality.""",Trump Controversy,t3_jzfqzc
,Conservative,t2_4l6zh0jm,Trump’s gains in North Philly show Latino voters are not a ‘gimme’ for Democrats,Voting,t3_jzexf7
,Conservative,t2_569ikzsu,"Report: Maryland Gov. Larry Hogan, Anti-Trump Hero, Paid for Flawed Coronavirus Tests from South Korea",Covid 19,t3_jzdaid
,Conservative,t2_3tvnydcn,"Report: Biden to Name Russia Hoaxer, CNN Analyst Tony Blinken Secretary of State",Media,t3_jzcm4f
,Conservative,t2_3tvnydcn,"Trump campaign demands recount, signature matching in Georgia",Voting,t3_jzbqm7
,Conservative,t2_6o8vabhj,Trump campaign says Sidney Powell not a member of legal team,Trump Campaign,t3_jz5rv6
,Conservative,t2_58yc59zp,"In Apparent Glitch, Voting Machines Hunt Down And Murder Trump Supporters",Trump Controversy,t3_jz7p9d
,Conservative,t2_hyfa9,Lou Dobbs Warns the GOP: Republican Party ‘Will Be Gone and Done’ If They Don’t Stand With President Trump,Tenure Suggestions,t3_jz9dqx
,Conservative,t2_i97an,"Trump obsession: Democrats tweet about him 12,569 times to 486 about Biden",Media,t3_jz2tha
,Conservative,t2_569ikzsu,Putin Says He’s Not Ready to Recognize Biden as U.S. President,Trump Campaign,t3_jyzq16
,Conservative,t2_hyfa9,"How Trump Responded When Liz Cheney Called on Him to Concede: ""Sorry Liz, can’t accept the results of an election with hundreds of thousands of fraudulent votes cast, enough to easily flip the Election. You’re just unhappy that I’m bringing the troops back home where they belong!""",Voting,t3_jyzpvt
,Conservative,t2_3yq585i5,Trump Campaign Formally Requests a Recount in Georgia,Voting,t3_jz7frn
,Conservative,t2_4q7ppn0b,Federal judge dismisses Trump campaign’s Pennsylvania case,Trump Controversy,t3_jz5fzn
,Conservative,t2_b7skt,BREAKING: FDA Grants Emergency Use Authorization To Antibody Cocktail Used By Trump,Media,t3_jyvpw5
,Conservative,t2_4hgotpz8,How to explain Latino support for Trump? ABC News reports misleading memes went viral in Latino communities,Media,t3_jyxl1z
,Conservative,t2_ykafq8t,Julie Burchill: President Trump has loved and been great for Israel,Trump Campaign,t3_jz5f71
,Conservative,t2_i97an,Reap What You Sow: Media Who Coddled Biden for Months Now Complain About Mistreatment,Media,t3_jyymh1
,Conservative,t2_5mt5yc16,"Omar Urges Biden To Reverse Trump's Agreements In The Middle East And Claims They Were ""Not Peace Deals""",Tenure Suggestions,t3_jz447i
,Conservative,t2_hyfa9,"Devout Catholic Joe Biden, our most pro-abortion president",Trump Campaign,t3_jywg7k
,Conservative,t2_2pn3jz7m,Trump Lawyer Sidney Powell Promises 'Biblical' Lawsuit in Coming Days,Trump Campaign,t3_jyz99e