approved_at_utc,subreddit,author_fullname,title,topic,name
,politics,t2_4tf9k,Trump’s Absurd ‘You Did It First’ Argument for Stealing the Election,Biden Campaign,t3_jzprxe
,politics,t2_5hbxc,Trump Wants 3rd Circuit to Halt Pennsylvania Certification,Biden Campaign,t3_jzpr6u
,politics,t2_1071hr,Let’s hear it for the judges for dismissing Trump’s lawsuits,Biden Campaign,t3_jzpowr
,politics,t2_u1j2a,"Biden taps first Latino to head DHS, first woman to lead intelligence",Biden Campaign,t3_jzpo97
,politics,t2_nkk56,"Biden Expected to Pick Janet Yellen, Former Fed Chair, as Treasury Secretary",Tenure Suggestions,t3_jzpmd7
,politics,t2_jfk8j,The Already Useless Trump Kids Are About to Get Even More So,Biden Campaign,t3_jzpllg
,politics,t2_4p3tz78r,Biden to pick ex-Fed chair Yellen for Treasury secretary: WSJ,Tenure Suggestions,t3_jzpko2
,politics,t2_7cfjd13l,A major Trump donor’s company got a 3 percent government-backed pandemic loan. It sells title loans at a 350 percent annual rate.,Covid 19,t3_jzpk7a
,politics,t2_bcsc2,"What if Trump won’t leave the White House? A hostage negotiator, an animal-control officer, and a toddler whisperer have advice",Trump Controversy,t3_jzpjm8
,politics,t2_cw1518p,164 business leaders urge Trump to begin presidential transition for the sake of the country,Tenure Suggestions,t3_jzpilm
,politics,t2_8wkltwsf,"GOP senator, business leaders urge prompt Biden transition",Tenure Suggestions,t3_jzphue
,politics,t2_556a0i5o,Biden chooses former Fed Chair Janet Yellen to be Treasury secretary,Tenure Suggestions,t3_jzpguk
,politics,t2_9qluo,Biden chooses former Fed Chair Janet Yellen to be Treasury secretary,Tenure Suggestions,t3_jzpgui
,politics,t2_b4zr4,Pro-Trump Attorney Urges Republicans Not to Vote in Georgia Runoff,Trump Campaign,t3_jzpfqd
,politics,t2_q9v5n,Corporate America is ready for a Biden presidency,Biden Campaign,t3_jzpff1
,politics,t2_4ctyuztp,Biden chooses former Fed Chair Janet Yellen to be Treasury secretary,Tenure Suggestions,t3_jzpfan
,politics,t2_12sxoak6,GM flips to California's side in pollution fight with Trump,Media,t3_jzpf1h
,politics,t2_1071hr,"What if Trump won’t leave the White House? A hostage negotiator, an animal-control officer, and a toddler whisperer have advice | Give him a five-minute warning, use food as a lure, remind him he has something to live for.",Trump Controversy,t3_jzpexr
,politics,t2_63uw6h9r,Trump Is Blowing Up the Georgia GOP—and It Couldn’t Happen at a Better Time,Trump Controversy,t3_jzpeei
,politics,t2_3brtyj17,"Carl Bernstein says 21 GOP senators, Including Braun and Young, have contempt for Trump",Biden Campaign,t3_jzpdno
,politics,t2_45f3hcjx,Land conservation plan stirs fight over Trump restrictions,Trump Controversy,t3_jzpddc
,politics,t2_8wkltwsf,Factbox: The Biden Cabinet - President-elect builds his foreign policy team,Tenure Suggestions,t3_jzpd2k
,politics,t2_o036b,"Biden chooses former Fed Chair Janet Yellen to be Treasury secretary, report says",Tenure Suggestions,t3_jzpbvs
,politics,t2_8r2w3ir,"General Motors Reverses Course, Spurns Trump-Backed California Emissions Lawsuit",Biden Campaign,t3_jzpbaz
,politics,t2_174cr0,"General Motors Aligns With Biden, Pulls Out of Lawsuit Supporting Trump",Biden Campaign,t3_jzp967
,politics,t2_864yuimw,"Despite Trump’s prod, Mich. to consider certifying Biden win",Biden Campaign,t3_jzp95d
,politics,t2_2xwavoa,"Alejandro Mayorkas, Biden's Pick For DHS Head, Would Be First Latino In Post",Tenure Suggestions,t3_jzp8jd
,politics,t2_39m1rwf0,G.M. Drops Its Support for Trump Climate Rollbacks and Aligns With Biden,Biden Campaign,t3_jzp7e5
,politics,t2_4h69r4vp,Unpacking Joe Biden's decision to tap John Kerry as his climate envoy,Tenure Suggestions,t3_jzp787
,politics,t2_xinzz,"Marjorie Taylor Greene ""solidly convinced"" Trump won Georgia despite state certifying Biden's win",Voting,t3_jzp6x0
,politics,t2_q9v5n,"Biden Brain Trust: Forget the Billionaires, Guillotine the Corporations",Biden Campaign,t3_jzp5u8
,politics,t2_7mfq73lx,Is Trump Selling Tickets to His 2021 Inauguration?,Media,t3_jzp4fh
,politics,t2_3mgo4fkq,Joe Biden nominates first woman to lead intelligence and first Latino to head homeland security,Biden Campaign,t3_jzp2ts
,politics,t2_5w9r3,"Why the Trump campaign’s big legal flameout in Pennsylvania seems like a turning point, even for Republicans",Trump Controversy,t3_jzozd1
,politics,t2_32141t0i,"Trump fears Giuliani, other lawyers in Biden vote challenge are 'fools that are making him look bad'",Trump Campaign,t3_jzoyr6
,politics,t2_2ww8h29z,"Trump's on his way out, but leaves a lasting legacy: The right's open embrace of terrorism",Trump Controversy,t3_jzoykr
,politics,t2_6zz15,What Donald Trump and Dick Cheney Got Wrong About America,Trump Controversy,t3_jzoxch
,politics,t2_4uujtoat,It’s Time To Consider Sanctions for Trump’s Legal Team,Trump Controversy,t3_jzos3p
,politics,t2_7149lzrr,Rush Limbaugh: Trump Needs to Hold Rallies in Georgia,Trump Campaign,t3_jzorp7
,politics,t2_3qo6zvfi,"Trump fears Giuliani, other lawyers in Biden vote challenge are ‘fools that are making him look bad’",Trump Controversy,t3_jzorhc
,politics,t2_3ud1a,Why is Joe Biden considering this man to help fight the climate crisis?,Tenure Suggestions,t3_jzopwy
,politics,t2_5ltk9,Biden taps Alejandro Mayorkas as first immigrant to lead Homeland Security,Biden Campaign,t3_jzopkn
,politics,t2_6eeswdkg,EU's Michel invites Biden to 'rebuild' trans-Atlantic alliance,Tenure Suggestions,t3_jzopfi
,politics,t2_q9v5n,Why The Oil Industry Doesn't Fear Biden,Biden Campaign,t3_jzop8u
,politics,t2_ckmoqxl,Team Trump Fired QAnon Lawyer Sidney Powell But She's Tweeting Through It,Trump Controversy,t3_jzoon5
,politics,t2_dfo2l,Former Defense Secretary Jim Mattis says Biden should toss all of Trump's 'America First' policies,Tenure Suggestions,t3_jzonsl
,politics,t2_2zyr5,"Plagued by COVID outbreaks, the meatpacking industry could be forced to change under Biden",Covid 19,t3_jzon8h
,politics,t2_363do,"Drip by drip, U.S. Republicans slowly break from Trump election claims",Biden Campaign,t3_jzomjx
,politics,t2_cez5h,Bernstein names 21 Republican senators who privately expressed contempt for Trump,Biden Campaign,t3_jzok9t
,politics,t2_3x52lg4c,"Putin described the Kremlin’s decision not to congratulate Biden as “a formality” with no ulterior motives. When asked if the move could damage U.S.-Russia relations, he said: “there’s nothing to damage, they’re already ruined.”",Trump Campaign,t3_jzoig3
,politics,t2_m70xvw4,Whoopi Goldberg calls out ‘dictator’ Trump for staging ‘coup’,Trump Controversy,t3_jzoh52
,politics,t2_dz0v4,John Kerry to join Biden administration as National Security Council official dedicated to climate change,Tenure Suggestions,t3_jzogjj
,politics,t2_307tfg1g,Biden moves forward as GOP breaks with Trump rise,Tenure Suggestions,t3_jzofom
,politics,t2_30rfarj,A big inauguration crowd? Biden’s chief of staff expects ‘scaled-down’ event,Tenure Suggestions,t3_jzoe8p
,politics,t2_5i6y4s89,Top Biden aide Ricchetti will be a White House liaison for Congress and business community,Tenure Suggestions,t3_jzodbz
,politics,t2_5c7bdya1,"Behind the scenes, Trump frustrated with his legal team's maneuvers",Trump Controversy,t3_jzobu4
,politics,t2_7yqrl,Biden to name first female head of National Intelligence,Tenure Suggestions,t3_jzoao6
,politics,t2_39fos,Reality Forecloses on the Trump Presidency | A fading campaign collapses under the weight of finally having to back up big talk with actual substance.,Biden Campaign,t3_jzoam2
,politics,t2_59oj45pv,G.M. Drops Its Support for Trump Climate Rollbacks and Aligns With Biden,Biden Campaign,t3_jzoahf
,politics,t2_3i4ip0g6,GM flips to California's side in pollution fight with Trump,Trump Controversy,t3_jzo8pn
,politics,t2_3krs0,GM hits reverse on Trump effort to bar California emissions rules,Trump Controversy,t3_jzo75x
,politics,t2_43539d30,G.M. Drops Its Support for Trump Climate Rollbacks and Aligns With Biden,Biden Campaign,t3_jzo73a
,politics,t2_7149lzrr,John Kerry to Return in Biden Administration as ‘Climate Czar’,Tenure Suggestions,t3_jzo6xg
,politics,t2_wnqjt,G.M. Drops Its Support for Trump Climate Rollbacks and Aligns With Biden,Biden Campaign,t3_jzo60d
,politics,t2_etf58,G.M. Drops Its Support for Trump Climate Rollbacks and Aligns With Biden,Biden Campaign,t3_jzo5py
,politics,t2_8wkltwsf,Biden picks Cuban-American lawyer Mayorkas as U.S. homeland security chief,Tenure Suggestions,t3_jzo58j
,politics,t2_2uwit82z,"To Prevent 'Active Sabotage' of His Agenda, Biden Urged to Clean House of Trump Loyalists on Day One",Tenure Suggestions,t3_jzo4ys
,politics,t2_2gqlbsh9,Two years ago this week Trump was mocking a turkey for refusing to concede an election,Trump Controversy,t3_jzo44d
,politics,t2_3qo6zvfi,Clip of Ted Cruz Saying Democrats Would Say COVID 'Magically Better' Week After Biden Wins Resurfaces,Covid 19,t3_jzo3qg
,politics,t2_lk1r0df,How Trump's destructive behavior emboldens authoritarian leaders abroad,Trump Controversy,t3_jzo3o9
,politics,t2_6eeswdkg,Jordan's king expresses to U.S. President-elect Biden keenness to continue strategic partnership,Tenure Suggestions,t3_jzo1s2
,politics,t2_4fes7nkv,Trump campaign takes Pennsylvania election fight to federal appeals court,Trump Campaign,t3_jzo04h
,politics,t2_k03nw,Did Trump Pardon a Turkey That 'Refused To Concede' an Election?,Trump Controversy,t3_jznz36
,politics,t2_lvqiz,Message to Joe Biden: No Torturers in the Next Cabinet. Biden and Harris must eschew anyone complicit in torture or who frustrated oversight.,Tenure Suggestions,t3_jznyip
,politics,t2_u1j2a,"Pennsylvania Republicans Voted Against Certifying Vote in County Trump Won by 22,000",Biden Campaign,t3_jzny0i
,politics,t2_69iqdkbl,Biden signals shift from Trump with national security picks,Tenure Suggestions,t3_jznx2m
,politics,t2_22bd2,GM flips to California’s side in emissions lawsuit against Trump admin,Trump Controversy,t3_jzntq8
,politics,t2_8wkltwsf,"Trump 2024? Two-thirds of GOP voters want him to run for president again, poll says",Trump Campaign,t3_jznr6e
,politics,t2_9hza7uj,Pro-Trump Attorney Urges Republicans Not to Vote in Georgia Runoff,Biden Campaign,t3_jznr5l
,politics,t2_882lcusb,"Explainer: Despite Trump claims, voter fraud is extremely rare. Here is how U.S. states keep it that way",Trump Controversy,t3_jznqim
,politics,t2_ry8i9,Clip of Ted Cruz Saying Democrats Would Say COVID 'Magically Better' Week After Biden Wins Resurfaces,Covid 19,t3_jznq3n
,politics,t2_flnc6,Trump set on veto of defense bill over renaming bases honoring Confederates,Trump Campaign,t3_jznpy5
,politics,t2_39m1rwf0,Trump nearing last stand as efforts to challenge election slip,Biden Campaign,t3_jznl40
,politics,t2_6pmuqjou,"John Kerry, Alejandro Mayorkas, Avril Haines among Joe Biden’s cabinet picks",Tenure Suggestions,t3_jznkwh
,politics,t2_1abjo,"Post-Trump, his party and his favorite network have to figure out their relationship with reality",Biden Campaign,t3_jznjcm
,politics,t2_6eeswdkg,"Biden to name Kerry as U.S. climate czar, emphasizing diplomacy's role in the fight",Tenure Suggestions,t3_jzniv7
,politics,t2_ekfas,"Joe Biden names picks for secretary of State, Homeland Security chief, director of national intelligence",Tenure Suggestions,t3_jzneu5
,politics,t2_6i8nkl04,Biden Picks Cuban-American Lawyer Mayorkas as U.S. Homeland Security Chief,Tenure Suggestions,t3_jznd9v
,politics,t2_byuwc,How Trump placed a ticking time bomb at the center of our system,Trump Controversy,t3_jznb23
,politics,t2_8wkltwsf,"New Trump rule may require some African tourists to pay up to $15,000 in bonds",Trump Controversy,t3_jzna59
,politics,t2_6o3d1oy5,Trump Is Running Out Of Time As Key States Set To Certify That Biden Won,Voting,t3_jzn7ct
,politics,t2_3ni951zm,"Despite Trump’s prod, Mich. to consider certifying Biden win",Voting,t3_jzn4mo
,politics,t2_guf36,Biden Taps John Kerry For New National Security Role Focused On The Climate Crisis,Tenure Suggestions,t3_jzn3cr
,politics,t2_tribz,"Biden taps John Kerry as Special Presidential Envoy for Climate, marking the first time the NSC will have an official dedicated to climate change",Tenure Suggestions,t3_jzn0c8
,politics,t2_4a4m6,"Business Leaders, Citing Damage to Country, Urge Trump to Begin Transition",Trump Controversy,t3_jzmx9p
,politics,t2_4l6v9j26,Biden's inner circle get key cabinet posts as John Kerry named climate tsar,Tenure Suggestions,t3_jzmvt2
,politics,t2_2t20j72x,"Trump's on his way out, but leaves a lasting legacy: The right's open embrace of terrorism. How did the Kenosha shooter post $2 million in bail? Because conservatives are normalizing right-wing terrorism",Trump Controversy,t3_jzmvi7
,politics,t2_43015hwl,"Donald Trump’s Bid to Steal the Election Hinges on a Shameless Homophobe Who Once Called Him a Lying, Idiotic Bully",Trump Controversy,t3_jzmus9
,politics,t2_6q8ga,Biden picks former Sen. John Kerry for climate change role,Tenure Suggestions,t3_jzmufr
,politics,t2_326ib49s,"Joe Biden Names Picks for Secretary of State, Homeland Security Chief, Director of National Intelligence",Tenure Suggestions,t3_jzmubj
,politics,t2_lk1r0df,Tucker Carlson was attacked by Trump supporters for questioning the outlandish claims of the president's lawyer Sidney Powell before she was fired,Biden Campaign,t3_jzmtno
,politics,t2_4a5ero0c,Biden to name John Kerry as presidential climate envoy,Tenure Suggestions,t3_jzmsfq
,politics,t2_6q8ga,Joe Biden announces top foreign policy and national security picks,Tenure Suggestions,t3_jzmsf3
,politics,t2_13f0vt,Conservatives spread false claim Biden invented 'office' of the president-elect,Biden Campaign,t3_jzmqas
,politics,t2_8umxxbw,Column: Trump’s Afghan plan could snatch catastrophe from the jaws of defeat,Trump Controversy,t3_jzmq37
,politics,t2_1j2k18he,Mark Zuckerberg Is Already Sucking Up to a Biden Administration,Tenure Suggestions,t3_jzmpia
,politics,t2_4ot9563,100 Republican national security experts demand GOP admit Trump loss,Biden Campaign,t3_jzjwz1
,politics,t2_4uujtoat,Business Leaders Tell GOP: Start Biden Transition or No Money for Georgia Senate Run-Offs,Biden Campaign,t3_jzj864
,politics,t2_4g4xj7dq,Pro-Trump Attorney Urges Republicans Not to Vote in Georgia Runoff,Trump Campaign,t3_jzka2y
,politics,t2_4ix1r,"Trump supporters in Georgia threaten to destroy GOP, boycott runoff elections",Trump Campaign,t3_jzl26a
,politics,t2_7i131t0l,Trump will leave office soon. But we can’t let him escape accountability for his misdeeds.,Trump Controversy,t3_jziz6f
,politics,t2_78x26dp6,"Trump is not just refusing to concede, he is sabotaging nation’s interest",Trump Controversy,t3_jzgzo5
,politics,t2_4ot9563,Trump team falsely claim he was not assisted in transition by Obama,Trump Controversy,t3_jzfuso
,politics,t2_y8mbk,Detroit had more vote errors in 2016 when Trump won Michigan by a narrow margin. He didn’t object then.,Trump Controversy,t3_jzmb5h
,politics,t2_47tj422t,Biden is stealing the spotlight. Trump can't stand it.,Biden Campaign,t3_jzg091
,politics,t2_ukjaw,John Kasich Stunned GOP Isn’t Defending Democracy Against Trump,Tenure Suggestions,t3_jzgz98
,politics,t2_5syjnyt4,Republican pollster: Trump's false 'rigged' election claims may hurt GOP chances of keeping Senate,Tenure Suggestions,t3_jzj8y9
,politics,t2_146o3j,How Ronald Reagan’s Racism Helped Pave the Way for Donald Trump’s,Biden Campaign,t3_jzicmc
,politics,t2_55i2b9y,New Zealand PM offers COVID-19 help to U.S. President-elect Biden,Covid 19,t3_jzeymy
,politics,t2_55s7i9jb,"On Parler, a pro-Trump call for Georgia runoff boycott threatens Mitch McConnell's plan to restrain Biden",Trump Campaign,t3_jzm5c7
,politics,t2_12w8zsef,Transition warning: Trump's mental illness is a growing danger,Biden Campaign,t3_jze8d0
,politics,t2_5syjnyt4,Trump axed campaign lawyer Sidney Powell was because 'she was too conspiratorial even for him',Trump Controversy,t3_jzgode
,politics,t2_13f0vt,Carl Bernstein names 21 Republican senators who have ‘privately’ expressed ‘extreme contempt’ for Trump,Biden Campaign,t3_jzh7ew
,politics,t2_12jih9,GOP Sen. Rob Portman says Biden transition funds should be released,Tenure Suggestions,t3_jzlc67
,politics,t2_3xrai,New Zealand offers Biden tips on COVID-19 after successful response,Covid 19,t3_jzhuwc
,politics,t2_336ly6ow,Trump’s press secretary Kayleigh McEnany heckled in briefing: ‘When will you admit you lost?’,Biden Campaign,t3_jzj73m
,politics,t2_6atxoabw,Biden picks John Kerry for climate envoy on national security council,Tenure Suggestions,t3_jzm9x0
,politics,t2_12jih9,A major Trump donor’s company got a 3 percent government-backed pandemic loan. It sells title loans at a 350 percent annual rate.,Trump Controversy,t3_jzlnvy
,politics,t2_336ly6ow,"What if Trump never concedes? The Constitution will end his term, conservative lawyer John Yoo says",Trump Controversy,t3_jzhcb0
,politics,t2_3qo6zvfi,"Twitter Afire After Trump Camp Breaks With Lawyer: Lasted ‘About Half A Scaramucci’ | “Sidney Powell should refuse to concede her position from Trump’s legal team,” one critic joked.",Biden Campaign,t3_jzb2zh
,politics,t2_6kih3bc3,President Trump Wanted a Supreme Court Election Battle. His Current Appeal Simply Cannot Get Him There.,Biden Campaign,t3_jzmfmo
,politics,t2_an7rn,"Trump handing Taliban a victory on his way out, says former national security adviser H.R McMaster",Trump Controversy,t3_jzguka
,politics,t2_xqxla,"Group of Black voters in Detroit suing President Trump, citing voting rights abuses &amp; disenfranchisement",Trump Controversy,t3_jzj1p6
,politics,t2_b3ywsct,Reporter Carl Bernstein names 21 GOP senators who 'repeatedly expressed extreme contempt for Trump',Media,t3_jzbb0y
,politics,t2_2t20j72x,"GOP senator says Biden's vote lead 'has not changed,' urges country to 'move forward'",Media,t3_jzlqyf
,politics,t2_2gol75lf,"Trump legal team says Sidney Powell had no formal role, but record shows they loved her involvement",Trump Controversy,t3_jzgsx3
,politics,t2_4usxze66,Republican former national security officials urge party to demand Trump concession,Biden Campaign,t3_jzjoc9
,politics,t2_16kgli,Carl Bernstein named 21 GOP senators who he said are enabling Trump's attempts to subvert US democracy by only criticizing him in private,Biden Campaign,t3_jzis32
,politics,t2_v96pn,"Native American voters across Minnesota turned out to oust Trump - Vote totals were up around Red Lake, and 90% for Biden",Voting,t3_jz8bvm
,politics,t2_336ly6ow,Biden team is reportedly pushing congressional Democrats to strike an immediate stimulus deal with Republicans to stave off renewed recession,Tenure Suggestions,t3_jzl4yp
,politics,t2_3mgo4fkq,Michigan voters sue Trump for allegedly disenfranchising Black voters with election interference,Trump Controversy,t3_jzla7n
,politics,t2_ulg9u,Trump's top election lawyer in Wisconsin says he and his wife voted illegally in the campaign's latest legal argument,Biden Campaign,t3_jzmam7
,politics,t2_z6d1p,A Federal Judge Rejected Trump's Ludicrous Pennsylvania Case With Pure Disdain,Biden Campaign,t3_jzk7yg
,politics,t2_3brtyj17,Yet another Georgia election official receives threats after state certifies Biden win,Biden Campaign,t3_jz828i
,politics,t2_cw1518p,Trump’s Legal Farce Is Having Tragic Results | There is nothing funny about the Republican Party’s multipronged attack on voting rights.,Biden Campaign,t3_jzkhnd
,politics,t2_4h69r4vp,"Murkowski tells Trump: ""It is time to begin the full and formal transition process""",Trump Campaign,t3_jz6vh9
,politics,t2_13f0vt,"Major business leaders reportedly signed a letter urging Trump to concede, and warn that 'our democracy grows weaker' the longer the presidential transition is delayed",Tenure Suggestions,t3_jzj1yp
,politics,t2_64urhj2g,"Trump dumps Sydney Powell, lawyer who promised to ""blow up"" Georgia, as legal strategy unravels",Trump Controversy,t3_jz7cgh
,politics,t2_3brtyj17,Trump Yet to Answer One Press Question Since Election As GOP Pressure for His Concession to Biden Grows,Media,t3_jz67og
,politics,t2_1t9tm8uf,Will Trump’s Accusers Finally Get Their Day In Court? | He soon will be unable to hide from the women suing him for defamation.,Trump Controversy,t3_jzis4d
,politics,t2_92mo,In Another Country This Would Be Called a Coup: Detroit NAACP Head on Trump Trying to Overturn Vote,Biden Campaign,t3_jzjbng
,politics,t2_2uwit82z,'Elite Strike Force'? Trump Legal Team Throws Right-Wing Attorney Sidney Powell Under the Bus as Coup Attempt Flails,Trump Controversy,t3_jzg8x4
,politics,t2_hoh4i,Trump friend and adviser Steve Schwarzman recognizes Biden as President-elect,Tenure Suggestions,t3_jzlbdp
,politics,t2_hhq3wyu,"Brian Stelter Slams Lara Trump For Declaring Trump Voters Don’t ‘Feel’ That He Lost - “Facts do not care about your feelings,” the CNN host said.",Media,t3_jz5qcv
,politics,t2_3zi4nxr,Sidney Powell Stricken from Trump’s ‘Elite Strike Force’ Legal Team 8 Days After President Called Her ‘Wonderful’,Biden Campaign,t3_jzlipn
,politics,t2_4daatxkf,"Team Trump Fired QAnon Lawyer Sidney Powell But She's Tweeting Through It - Last week she was part of Trump's ""elite strike force."" Now she's ""practicing law on her own.""",Trump Controversy,t3_jziqei
,politics,t2_d8fmg,Trump urges state legislatures and courts to ‘flip’ results,Trump Controversy,t3_jzhsuf
,politics,t2_h6tzx,Trump campaign says Sidney Powell isn't a member of its legal team,Trump Campaign,t3_jz5bfz
,politics,t2_4ce6zkee,Trump's closest business ally just admitted that the president lost the election,Voting,t3_jzji16
,politics,t2_5syjnyt4,Donald Trump has assaulted our democracy,Trump Controversy,t3_jzfpdr
,politics,t2_bo8us,"No, You Do Not Have to Feel the Trump Voter's Pain | There is no reason, after five and half years of untruths, dog-whistles, slurs and conspiracies, and weeks of Trump trying to undermine Biden’s win, to hug the people who want to disenfranchise you",Biden Campaign,t3_jz4z41
,politics,t2_cyqdz,Trump campaign cuts Sidney Powell from president’s legal team - The abrupt shake-up comes as Powell makes far-fetched and unsupported claims of voter fraud in the 2020 elections.,Trump Controversy,t3_jz6gek
,politics,t2_336ly6ow,Bernie Sanders says GOP ‘has ceased to be a political party’ and is now a ‘cult’ in fiery rebuke of Trump fraud claims,Biden Campaign,t3_jz44h2
,politics,t2_1zpze440,"Republican national security experts call on Trump to concede, begin transition",Tenure Suggestions,t3_jzjl2a
,politics,t2_4k136l5v,"Edward Norton tears into 'whiny, sulky, petulant, Grinchy, vindictive' Donald Trump in pointed, poker-laced Twitter thread",Biden Campaign,t3_jz7lhm
,politics,t2_u1j2a,Kasich: Republicans 'either in complete lockstep' or 'afraid' of Trump,Trump Campaign,t3_jz9j48
,politics,t2_79i2z9wt,Biden to nominate first Latino and immigrant to run Homeland Security,Tenure Suggestions,t3_jzm28z
,politics,t2_m76zflk,Michael J. Fox says Donald Trump has played on 'every worst instinct in mankind': 'Biff is president!',Trump Controversy,t3_jz3tl3
,politics,t2_4m4ngfyh,Trump Faces Growing Calls From Biz Leaders To Concede After Legal Battles Fall Flat,Trump Controversy,t3_jzkuz6
,politics,t2_12w8zsef,"Pennsylvania’s Lt. Gov. Trolls Trump, ‘Dopey’ GOP Lawsuits In Epic Tweetstorm",Biden Campaign,t3_jzej98
,politics,t2_am8qo,Carl Bernstein names 21 GOP senators who 'privately expressed their disdain' for Trump,Biden Campaign,t3_jzba0d
,politics,t2_3a0nx,New Zealand PM offers COVID-19 help to U.S. President-elect Biden,Covid 19,t3_jzkswn
,politics,t2_12w8zsef,Opinion | Why Biden should stop parsing words and call Trump's lies a coup,Biden Campaign,t3_jzeqq0
,politics,t2_5w35a755,"Trump Could Push Don Jr. and Ivanka in 2024, but Trumpism Is a Hard Sell Without Him",Trump Campaign,t3_jzlcxd
,politics,t2_1t9tm8uf,"New Zealand leader Ardern offers virus know-how to Joe Biden | New Zealand Prime Minister Jacinda Ardern has become the latest world leader to congratulate President-elect Joe Biden on his election victory, saying she offered to share her nation’s expertise on dealing the coronavirus",Covid 19,t3_jzcmj4
,politics,t2_59oj45pv,"Biden Will Nominate First Woman to Lead Intelligence, First Latino to Run Homeland Security",Tenure Suggestions,t3_jzlo9k
,politics,t2_i89o6,New report details Trump effort to seize thousands of acres of private land for border wall,Trump Controversy,t3_jzmeyu
,politics,t2_b3ywsct,‘Stop golfing and concede’: Trump and Maryland Gov. Hogan spar again after president criticizes South Korean tests,Tenure Suggestions,t3_jz1z65
,politics,t2_ufhrp,"After looming so large in Washington, Donald Trump has shrunk into a small, petty man",Trump Controversy,t3_jzlzl3
,politics,t2_hhq3wyu,"GOP Senator Has Instructed Staff to Cooperate With Biden Transition, Says It's 'Past Time' for Trump to Do Same",Tenure Suggestions,t3_jz227v
,politics,t2_2vl1o5e3,Former GOP Ohio Governor Says Republicans Are Either ‘Afraid’ or ‘in Complete Lockstep’ With Trump,Trump Campaign,t3_jzk79i
,politics,t2_3brtyj17,Small but growing number of Republicans tell Trump it’s over: “Stop golfing and concede”,Biden Campaign,t3_jz2pba
,politics,t2_3xzjxkg3,Carl Bernstein Names Names: 21 GOP Senators Who've Privately Ripped Trump,Biden Campaign,t3_jzd94c
,politics,t2_363do,"Trump, GOP’s ridiculous, flailing coup isn’t a joke. It’s a crime. There must be consequences | Will Bunch",Biden Campaign,t3_jz0akg
,politics,t2_zr8t03d,Biden to spotlight CDC officials shunned by Trump,Tenure Suggestions,t3_jzfnsj
,politics,t2_3y01afgq,"What if Trump won’t leave the White House? A hostage negotiator, an animal-control officer, and a toddler whisperer have advice",Trump Controversy,t3_jziwyr
,politics,t2_i9qzd,"Trump's 'elite, strike force' legal team starts to shrink",Trump Controversy,t3_jzhlu7
,politics,t2_y271k,Fox News Prepares to Wage a Culture War on Joe Biden,Media,t3_jzlako
,politics,t2_zcpor,A Republican judge just tore into Trump’s election lawyers for their incompetence. Trump’s lawyers asked a judge to disenfranchise nearly 7 million voters. It ended badly for Trump.,Trump Controversy,t3_jyzr2m
,politics,t2_4j0qh,"Biden picks John Kerry as climate czar, Alejandro Mayorkas for Homeland Security",Tenure Suggestions,t3_jzmk00
,politics,t2_d5h4t,"The ""What happened in your state last week?"" Megathread, Week 46",Other,t3_jzlr1s
,politics,t2_7zkom,Congress should cancel its Thanksgiving recess and pass another stimulus bill,Other,t3_jzj8pk
,politics,t2_3jjsa,"With nearly all votes counted, the 2020 presidential election wasn't that close",Other,t3_jzi4ou
,politics,t2_94khd,Refusing to certify legitimate votes is a felony | Opinion,Other,t3_jzi95i
,politics,t2_4ewk589g,The left is accused of authoritarianism – but it's the right that gets away with it,Other,t3_jzhrk4
,politics,t2_32141t0i,"Why Won’t Emily Murphy Just Do Her Job? In delaying the transition, the General Services Administration chief appears to be making an ideological choice.",Other,t3_jzgfji
,politics,t2_avobu,Ted Cruz Tweeted A Tone-Deaf Thanksgiving Meme While Texas Morgues Overflowed With COVID Victims,Other,t3_jzhnl4
,politics,t2_nyhb2,The Republican Party has split in two. Let’s keep it that way.,Other,t3_jzi3gz
,politics,t2_y271k,This Is the Beta Test for a Future Where Republicans Will Simply Never Accept a Democratic Victory,Other,t3_jzlncn
,politics,t2_4ot9563,Fake indictment saying George Soros was arrested for election interference spreads online in latest far-right voting conspiracy,Other,t3_jzkfhm
,politics,t2_4tf9k,Georgia GOP Senator Kelly Loeffler Just Got Caught Violating the Law | Will the Senate’s richest member be held to account for her blatantly illegal solicitation of campaign cash?,Other,t3_jznsvu
,politics,t2_8wkltwsf,Michigan set to certify election results Monday despite GOP challenge,Other,t3_jzie6k
,politics,t2_87vpf,"Can This Get Any More Pathetic? The president and his enablers may look like fools, but they are causing real damage.",Other,t3_jzgni2
,politics,t2_3qii52du,"Lincoln Project attacks ""unpatriotic"" and ""dangerous"" Republican rising stars in new ad",Other,t3_jzh1lm
,politics,t2_63uw6h9r,Epidemiologist warns of “contagion” of violent speech coming “from the White House”,Other,t3_jzgzab
,politics,t2_js5a5,Our democracy is holding. Americans will remember who defended it — and who didn’t.,Other,t3_jzjx1p
,politics,t2_396kegct,"New Jersey Lawmaker Pushes To Disbar Rudy Giuliani For Deceitful, ‘Absurd’ Election Cases",Other,t3_jzc3li
,politics,t2_3fa7c,This Is the Beta Test for a Future Where Republicans Will Simply Never Accept a Democratic Victory,Other,t3_jzmwh4
,politics,t2_np93t,Republicans created an anti-democratic mob,Other,t3_jzjvt3
,politics,t2_ycwcb,A North Texas superintendent is openly defying the state mask mandate in schools. No one is stopping him.,Other,t3_jzho2z
,politics,t2_68la5wao,The Birther Myth Stuck Around For Years. The Election Fraud Myth Might Too.,Other,t3_jzkpsf
,politics,t2_a7k0r,Allegheny Co. Board Of Elections Votes 2-1 To Certify General Election Results,Other,t3_jzk0l9
,politics,t2_146o3j,GOP Sen. Cramer says it's 'past time' to start transition as challenges continue,Other,t3_jzgxk3
,politics,t2_12jih9,"'Iran in the Crosshairs?' Reports of Secret Meeting Between Netanyahu, MbS, and Pompeo Spark Fears of War Plot",Other,t3_jzkwh8
,politics,t2_4ce6zkee,Supreme Court’s Lack of Attention to GOP Emergency Petition Suggests High Court ‘Has No Interest’,Other,t3_jznoa2
,politics,t2_4xvixgqf,Profiles in Cowardice,Other,t3_jzjwo0
,politics,t2_1jfdlpdl,Florida Republican Lawmaker Wants an Accused Murderer Elected to Congress,Other,t3_jzhdsi
,politics,t2_ahjdm,DeSantis hires Ohio Uber driver to rig Covid stats,Other,t3_jz9uzj
,politics,t2_85j6s,Why the Republicans Are Like the 1860 South: Don’t like the election’s outcome? Then split the nation.,Other,t3_jznpns
,politics,t2_w6txm,Pentagon reports $5B in improper payments to civilian workforce,Other,t3_jznrcd
,politics,t2_bnvom,"Attention, Sen. Grim Reaper: More will die without another stimulus bill",Other,t3_jziiq3
,politics,t2_13fdc6,Georgia Senate race reminds Republicans they don't have a lock on 'God talk',Other,t3_jzke7v
,politics,t2_7hmeuo9c,"‘Bye, Betsy’: Educators Celebrate the End of the DeVos Era",Other,t3_jz4ewx
,politics,t2_27krnf7o,"In Race for “World’s Biggest Bastard,” Stephen Miller’s Star Continues to Rise",Other,t3_jz7giv
,politics,t2_jokqz,Portman: No proof of mass fraud that would change election result,Other,t3_jzkrud
,politics,t2_2eef87e,"Wisconsin GOP chair says Republicans are ""trying to disenfranchise people,"" amid post-election turmoil",Other,t3_jzoz36
,politics,t2_aqvkn,"Surgeon General Adams: All Americans, even at the White House, should avoid large holiday gatherings",Other,t3_jzmrvz
,politics,t2_pn4bbf8,"For interracial couples, Kamala Harris and Doug Emhoff are a ‘monumental’ symbol",Other,t3_jzmmoz
,politics,t2_ukjaw,Economists call for more stimulus checks,Other,t3_jzk542
,politics,t2_v96pn,Deb Haaland Could Shatter Yet Another Glass Ceiling as the First Ever Native American in a Presidential Cabinet,Other,t3_jzk7gl
,politics,t2_7hmeuo9c,Ted Cruz Gets His Election Predictions Thrown Back In His Face,Other,t3_jzmmfn
,politics,t2_zcpor,"GOP Senator Portman says there's ""no evidence"" that election fraud would change results ""in any state""",Other,t3_jznyq8
,politics,t2_5ltk9,Eight mayors: We need a Marshall Plan for Middle America,Other,t3_jzhdky
,politics,t2_3zi4nxr,Ted Cruz suggests he won't give up Thanksgiving plans as his home state of Texas sends in the National Guard to process dead bodies,Other,t3_jz2g6j
,politics,t2_d29iz,"GOP Congressman Steve King faces backlash for asking Kamala Harris if she is descended from ""slaves or slave owners""",Other,t3_jz5l7u
,politics,t2_28y2r8zq,The 2020 Election Wasn’t That Close,Other,t3_jzkn4i
,politics,t2_6h9uj5v,Sen. Schumer pushes govt. to invoke Defense Production Act to mitigate COVID-19 surge,Other,t3_jzg5ak
,politics,t2_37ji7k5,"Wisconsin presidential recount in 4th day, with few changes",Other,t3_jzleel
,politics,t2_b3ywsct,Surgeon General Reminds WH That COVID Restrictions Apply There Too,Other,t3_jzolvy
,politics,t2_4h69r4vp,Israeli PM Netanyahu secretly flew to Saudi Arabia for meeting with Pompeo and crown prince,Other,t3_jzi65k
,politics,t2_m0e90mx,How to Help the Democrats Win Georgia,Other,t3_jzlg7d
,politics,t2_27kyfpfw,‘Society is broken’: Users are pissed that people are being paid to stand in long COVID testing lines — 'This is so f*cking dystopian.',Other,t3_jzihp1
,politics,t2_4g4xj7dq,Democrats must fight for $15 — for Georgia and for the future,Other,t3_jz91j4
,politics,t2_36zyy,Georgia extends use of absentee ballot drop boxes for Jan. 5 runoff amid surge in requests,Other,t3_jzoq9m
,politics,t2_tkhqv,The Republican Party’s future: Being terrorized by its unhinged base,Other,t3_jz2fcq
,politics,t2_uljp2,Goodbye To All That — Leaving the GOP,Other,t3_jzgw5s
,politics,t2_m76zflk,"Senator Rob Portman, Ohio [GOP]: No proof of mass fraud that would change election result",Other,t3_jzl7io
,politics,t2_qbzd8,Iowa congressman notorious for racist remarks asks Kamala Harris if she was descended from slave owners,Other,t3_jz7seg
,politics,t2_1t9tm8uf,"Scranton, Pennsylvania, honors famous 'scrappy kid' turned President-elect",Other,t3_jz9z0z
,politics,t2_3kk3k,"As Arizona Counties Certify Election Results, Senate President Karen Fann Still Looking For Fraud Evidence",Other,t3_jzhj8e
,politics,t2_39h5srz2,"Mask Mandates Work To Slow Spread Of Coronavirus, Kansas Study Finds",Other,t3_jzm1n1
,politics,t2_4gwg1wjt,Watch live at 1: Board of State Canvassers to vote on certifying Michigan election results,Other,t3_jzmhm7
,politics,t2_8hm2g,Why Janet Yellen makes so much sense as Treasury secretary,Other,t3_jzpp4k
,politics,t2_medjk,"In Georgia Senate runoff, Loeffler targets Warnock sermons",Other,t3_jzpklh
,politics,t2_y8mbk,"The Real Lesson of Herman Cain’s Death | For Republicans, Black people’s suffering will always be someone else’s problem.",Other,t3_jzpj8x
,politics,t2_68la5wao,South Dakota governor refuses to mandate masks despite record-breaking coronavirus spike,Other,t3_jzpi2j
,politics,t2_i1hxy,"400 Years After the ‘First Thanksgiving,’ the Tribe Who Fed the Pilgrims Continues to Fight for Their Land Amid Another Epidemic",Other,t3_jzpi1q
,politics,t2_7yqrl,House Bill Would Create NOAA-Led National Database to Help Coastal Communities Confront Rising Seas,Other,t3_jzph7l
,politics,t2_3zi4nxr,Pennsylvania Counties Torch Rudy Giuliani’s ‘Untenable’ and ‘Piecemeal’ Attempt at Appealing Resounding Loss,Other,t3_jzpe9b
,politics,t2_mr2w8,"Mohave County certifies election results, becoming final Arizona county to do so",Other,t3_jzpdev
,politics,t2_123jub,Congress Is Ruining the Holidays,Other,t3_jzpda1
,politics,t2_5w9r3,Republican Wisconsin congressman Bryan Steil tests positive for COVID,Other,t3_jzpcaw
,politics,t2_4ogli36f,Could Giuliani Really Get Disbarred? Ethics Complaints Explained,Other,t3_jzpbbh
,politics,t2_ulg9u,Members of law enforcement sue to halt marijuana legalization in South Dakota,Other,t3_jzp7an
,politics,t2_ciefk,Ted Cruz Gets His Election Predictions Thrown Back In His Face,Other,t3_jzp6sq
,politics,t2_7rgnsodw,Iowas 2nd congressional district single closest House race in the country,Other,t3_jzp611
,politics,t2_y271k,This Is More than Another Line on John Kerry's Resumé,Other,t3_jzp0n3
,politics,t2_3zi4nxr,Texas Gov Stands His Ground On ‘No More Lockdowns’ Despite Surging COVID Cases,Other,t3_jzoy6r
,politics,t2_bwj07,N.Y. Senate Democrats declare supermajority in Albany,Other,t3_jzou6q
,politics,t2_2w2njw6m,"With nearly all votes counted, the 2020 presidential election wasn’t that close",Other,t3_jzou1d
,politics,t2_ckmoqxl,"Inaccurate early vote count in one Michigan county was a human error, not a failure of the software",Other,t3_jzospq
,politics,t2_3fauq2z8,Majority say they want GOP in control of Senate: poll,Other,t3_jzosb1
,politics,t2_irgrg,"Michigan: If Norm Shinkle says he cannot certify election does he want to be a martyr, and why?",Other,t3_jzoo7x
,politics,t2_fwexh4a,Michigan's state board meets Monday to vote on certification,Other,t3_jzoo37
,politics,t2_p6ux6,Guns and Suicide,Other,t3_jzokuy
,politics,t2_5804m7y8,Rashida Tlaib: Tony Blinken better not ‘suppress my First Amendment right’ to criticize Netanyahu,Other,t3_jzokcv
,politics,t2_494xw,Who is Antony Blinken? Advocate of sanctions on Putin tipped to be secretary of state,Other,t3_jzojbu
,politics,t2_28tho63f,How Do You Govern When Half The Country Is Trapped In A Disinformation Bubble?,Other,t3_jzoj1j
,politics,t2_3l1ao,Here's where things stand as vote certification looms in key states,Other,t3_jzohx4
,politics,t2_2surpeqs,What The U.S. Election Meltdown Looks Like to Other Countries,Other,t3_jzoe62
,politics,t2_4g4xj7dq,What Do Georgia's New Rules for Absentee Voting in the Runoff Races Mean?,Other,t3_jzoe0r
,politics,t2_97a3,"Obama, in Washington Post interview, says there’s been ‘some damage done’ on foreign relations",Other,t3_jzobxa
,politics,t2_cp5le,‘Vision Zero’ Leader Is the Latest to Leave New York Mayor’s Team,Other,t3_jzob32
,politics,t2_wwj7h,Cornyn says election outcome 'becoming increasingly clear': report,Other,t3_jzo8i3
,politics,t2_3niy53z3,GOP anti-socialism ‘Freedom Squad’ forms with Carlos Gimenez and Maria Elvira Salazar,Other,t3_jzo7vb
,politics,t2_o2rm4,Northern Michigan county board ‘supports impeachment’ of Gov. Whitmer,Other,t3_jzo5sn
,politics,t2_lh10xit,"Republicans ask Michigan election board to delay certification for two weeks, audit Detroit votes",Other,t3_jzo4fe
,politics,t2_97a3,Op-Ed: Even the Founders hated the electoral college,Other,t3_jzo1wq
,politics,t2_69iqdkbl,Gun-toting congresswoman-elect may carry Glock at Capitol,Other,t3_jzo0m6
,politics,t2_12hxqe,Gun-toting congresswoman-elect may carry Glock at Capitol,Other,t3_jznt17
,politics,t2_6kfta,All Base All the Time Fails to Deliver,Other,t3_jznj9d
,politics,t2_3akhzmes,GSA official to brief Congress next week on presidential transition,Other,t3_jznicy
,politics,t2_2zyr5,Evans: World War II lesson is ignored in this pandemic,Other,t3_jzni6s
,politics,t2_eya5w,House Democrats back slower timeline for changing Confederate base names,Other,t3_jznhiz
,politics,t2_lk1r0df,"'Iran in the Crosshairs?' Reports of Secret Meeting Between Netanyahu, MbS, and Pompeo Spark Fears of War Plot",Other,t3_jzng2k
,politics,t2_9hza7uj,Key GOP Michigan canvassing board member expected to vote against certifying results,Other,t3_jzndq1
,politics,t2_x1y15,Michigan Board of State Canvassers vote on certifying presidential election results,Other,t3_jzncam
,politics,t2_77x94mna,How Misinformation ‘Superspreaders’ Seed False Election Theories,Other,t3_jzn8on
,politics,t2_4ix1r,"Michèle Flournoy would be first female US secretary of defense, and is ready for the spotlight",Other,t3_jzn8ob
,politics,t2_6gxx0ar0,Economists are calling for more stimulus checks. Here's where assistance plans stand,Other,t3_jzn62u
,politics,t2_byuwc,"Whitmer, courts could take action if Board of State Canvassers fails to certify",Other,t3_jzn33v
,politics,t2_6o3d1oy5,Majority want their states to stay open amid coronavirus surge: poll,Other,t3_jzmv42
,politics,t2_bdarj,New York Court officials complete rare review of cases handled by judge forced into retirement by dementia,Other,t3_jzmtti
,politics,t2_7cfjd13l,Could AOC be the next star on the tech scene?,Other,t3_jzmrpl